{
    "originData": [
      {
        "imgUrl": "md96/101-y&816&1224.JPG",
        "isX": false,
        "isY": true,
        "isClothes": true,
        "isBody": false,
        "isMale": false,
        "isFemale": true,
        "isHeader": false,
        "isHandsFeet": false,
        "isHalf": false,
        "isGroup": false,
        "mdId": "md96",
        "selected": true
      },
      {
        "imgUrl": "md96/10-y&816&1224.jpg",
        "isX": false,
        "isY": true,
        "isClothes": true,
        "isBody": false,
        "isMale": false,
        "isFemale": true,
        "isHeader": false,
        "isHandsFeet": false,
        "isHalf": false,
        "isGroup": false,
        "mdId": "md96",
        "selected": true
      },
      {
        "imgUrl": "md96/102-y&816&1224.JPG",
        "isX": false,
        "isY": true,
        "isClothes": true,
        "isBody": false,
        "isMale": false,
        "isFemale": true,
        "isHeader": false,
        "isHandsFeet": false,
        "isHalf": false,
        "isGroup": false,
        "mdId": "md96",
        "selected": true
      },
      {
        "imgUrl": "md96/101-y&816&1224.JPG",
        "isX": false,
        "isY": true,
        "isClothes": true,
        "isBody": false,
        "isMale": false,
        "isFemale": true,
        "isHeader": false,
        "isHandsFeet": false,
        "isHalf": false,
        "isGroup": false,
        "mdId": "md96",
        "selected": true
      },
      {
        "imgUrl": "md96/10-y&816&1224.jpg",
        "isX": false,
        "isY": true,
        "isClothes": true,
        "isBody": false,
        "isMale": false,
        "isFemale": true,
        "isHeader": false,
        "isHandsFeet": false,
        "isHalf": false,
        "isGroup": false,
        "mdId": "md96",
        "selected": true
      }
    ],
    "time": 5
  }